--
-- Script was generated by Devart dbForge Data Generator for MySQL, Version 1.7.12.0
-- Product Home Page: http://www.devart.com/dbforge/mysql/data-generator/
-- Script date 2018-04-04 11:59:29 AM
-- Target server version: 5.7.21-log
-- Target connection string: User Id=root;Host=localhost;Database=mysql;Character Set=utf8
--



SET NAMES 'utf8';
USE srs;
--
-- Delete data from the table 'responses'
--
TRUNCATE TABLE responses;
--
-- Delete data from the table 'answers'
--
DELETE FROM answers;
--
-- Delete data from the table 'questions'
--
DELETE FROM questions;
--
-- Delete data from the table 'classes'
--
DELETE FROM classes;
--
-- Delete data from the table 'users'
--
DELETE FROM users;

--
-- Inserting data into table users
--
INSERT INTO users(user_id, username, first_name, last_name, password, isTOTPSetup, totp_secret, totp_recovery_code, isAdmin) VALUES
(1, 'Garland418', 'Sixta', 'Forman', '4qx2aVBggUIkNEmSDCHzWK7jpSDbRyss/6WoynH8LOQ=', 0, '8B69W91K', 'E2O4F76A9KV8', 1),
(2, 'Valle244', 'Herma', 'Andrew', 'jqNK8b4InVplFjLQMxgGfPEGpXsbXOmSkKsjYQuT4hI=', 0, 'IAO40A7H', '6QN5E1VMYE85', 0),
(3, 'Scotty1959', 'Vanda', 'Harman', 'UxcDyczBYKGuEHwc1ZKPzTtVi3saVx9G7LwljuIfJ3A=', 0, '10DYR0YO', 'H31CNDVL6943', 0),
(4, 'Kathline1950', 'Joy', 'Perryman', '6Mp9A507r5gZjSoa0ONwG9ru8slsR4VRwdCZqc/1UHw=', 0, 'D8XVEIA1', '3Y1QFM83315U', 0),
(5, 'Lincoln2005', 'Brittny', 'Seay', 'Z7QzUOt2/6Xej6FzhVkE9ipszhxM20UZAli1sGbUk4c=', 0, '1H8QY01L', '24D4Y08RDN22', 1),
(6, 'Neta1989', 'Gino', 'Knott', 'Eb40DUBepHkyjM+Q3Qe/Va73JyGceJc8qygjOrH9he0=', 0, '338FG628', '8W26ZW24GGC5', 0),
(7, 'Sana67', 'Alla', 'Trice', '1zaomTGj7L8c08+YMpR+o058fxlajEJ0CLcDkZrOxAw=', 0, '9L4AO7N5', '692AV8N6K31Q', 0),
(8, 'Jack816', 'Kenneth', 'Crocker', '2Mf2LsWM9mNCHQvpn5IWg2k6d9Tjto8RApc82pUzj4c=', 0, '23DEQT95', '0WAKA5LJ6G1I', 0),
(9, 'Marco114', 'Alpha', 'Harmon', 'Cfi3FK80Wp1VGHdKCE/9gZO3PTB22dbWPdETbqQ3hm4=', 0, 'HL48EYV0', 'XIR26ZU9557E', 0),
(10, 'Comstock56', 'Kathline', 'Broyles', '6omszpS/RuaDOst9sFiQw2epAm5WBjIqWdWfHnR+vJ4=', 0, 'U2807NUQ', 'A4393T2CGHQM', 0),
(11, 'Kent1991', 'Quentin', 'Knowles', 'HDqRckdvaMR368DVmp5515jLGnfys3ew5fZ7dNwNjUY=', 0, '44Y8E677', '8P324QXS8GQC', 0),
(12, 'Zackary416', 'Chuck', 'Seeley', 'o5T08G28/zuXul7VelR07g9J13d/Oc6yv0iIJIbArmk=', 0, '6RX883U0', 'ZU4D638S6YCS', 0),
(13, 'Bennett1960', 'Charise', 'Mcmullen', 'ni+MzdoAWNMSDaC325sHVB8lIWJQdfttNicPmSbExLc=', 0, 'CIY9403R', '88OS8C47L9Q4', 1),
(14, 'Esteban1987', 'Stefanie', 'Person', 'iyznBxqA6J2Lv8BjwZztPuZ2PmviOYFCSrzQaocZZxk=', 0, '10X417D1', 'E2672K664576', 0),
(15, 'Horace2011', 'Arthur', 'Forney', 'KEMt3kEqMx8yMgKa8wQXy9xCSXbK7uTQ3xFkF5L404M=', 0, '420G91K8', 'U2OQ6P2R9GQ2', 0),
(16, 'Stanton1998', 'Neta', 'Harms', '6e1UFT8G7Gvhby3N7nhlwwsvBGrmOIq21udDW4XayG0=', 0, '4K0705R1', '7IT1OGG89UU7', 0),
(17, 'Ardelia1990', 'Rolland', 'Knowlton', 'Yu8J2/PftzDcu4iIi3TVPKe3tB95nQX0bG7rspSZINM=', 0, '19430AYR', 'J00Y79Q77WK1', 0),
(18, 'Russ2016', 'Nakesha', 'Harness', 'ESEPZYK9siRE9te/UzwPmTjnaJmogqXTcJbPdg37ONc=', 0, 'JL9Y31KN', 'U0P21FH9UV16', 0),
(19, 'Barlow659', 'Sana', 'Knox', 'NaM+k7B2jdwx5z2pf+UCvx0Y4eahqkxQERthQzetKmI=', 0, 'DN57N310', 'EA3493P88489', 1),
(20, 'Montalvo77', 'Colby', 'Andrews', '/U8D+tLBVFMnZTIi0ULHX7wWQv967ywM0CNBEu5W/ME=', 0, '5I6G0A3U', 'UUF7K540CQ7H', 0),
(21, 'Margarito2008', 'Nicholas', 'Harper', 'wz/R85yIcTkZjhs1rZru7n1rN/2j4Mr68/mFZjufNXM=', 0, 'I431USJF', 'ZGU0534DLP7X', 0),
(22, 'Gaynell1955', 'Bud', 'Trimble', 'N6Gx+sfWejQWD7/DWy/6wsyXppCqfYRENZhVHNw4p+M=', 0, '1FF173MO', 'K0MAS5U7C58O', 0),
(23, 'Wagoner951', 'Rod', 'Brubaker', 'xRSgAoNkOedKzg9/P29j3tkGbPjphA45ifAszUCZsBA=', 0, 'MWS8732A', '7QIU6G46G621', 1),
(24, 'Frederick1959', 'Lisa', 'Andrus', 'lhNkRQkLedOMeUW/D6+Q5lvHUIeV8FfCYjn1qdsp8ws=', 0, '4B33B304', '9J2WXDF5L085', 0),
(25, 'Teddy2', 'Reginald', 'Mcmurray', 'dlXiiZQ4wy5yA2RMUnupR0cq+TBV9hLkyUBLsXHPRjA=', 0, '9FV40UC9', 'WY9960MZSKAN', 0),
(26, 'Sherryl2', 'Berry', 'Knudsen', 'wijh0shIU90yO7cLGMHknphfoMponGPgZcvhvEh0rDc=', 0, '1MN54V7G', '9SIO147UVCAK', 1),
(27, 'Amelia13', 'Sherwood', 'Harrell', 'OZWd/7mLYQKocMBUQZ74bWAqvdgt7sR1s66sXrP6Q6Y=', 0, '0135334V', 'J50XHL60SM0E', 1),
(28, 'Tad1954', 'Garry', 'Segura', 'LXpjibCJHRK6JV19dVB48qNVICrWZfWdtlaU9RYwmIA=', 0, '307RFBM2', '7U7ELO3351BW', 0),
(29, 'Tad21', 'Tamesha', 'Bruce', 'HVeiKE+KOESQmq6v8dPVgfjcs3ZTes8F1o0diDRqDk0=', 0, '67X7K287', 'S248A50FP7MJ', 0),
(30, 'Lore1950', 'Craig', 'Peter', 'gYlav8WxTtxwpq5yyGAx7/hMWedXZppcWEgIdssmZpo=', 0, 'DDP7424R', '15J10O3O9D61', 0),
(31, 'Harrell4', 'Franklyn', 'Trinidad', '9kGMgtdciRfhA9y7WeoZyECshWS2PWH39Akq9xkC6BA=', 0, '8S7DL659', 'G3X3AG85DE0J', 0),
(32, 'Benito2023', 'Danyelle', 'Angel', 'rUs7j9hjnHAipQqApcoPMekCRb9i4xu2yiVKp6oS/dg=', 0, '27XVPOE2', 'XXU8AKUE6KM2', 1),
(33, 'Cuellar2002', 'Zoraida', 'Knudson', 'HnBjlCNJU+uqKKuhO8TLEkrhH18Iy41h27GVbEWR2jo=', 0, 'SQLE7157', 'E9080S0AZ28B', 0),
(34, 'Carlo2025', 'Horace', 'Crockett', 'ILXwyALuV+sQYUzA6nCecMYOXqajdeFg7XLJjJnVgcE=', 0, '4194043S', 'I43KI62ZTU8Y', 0),
(35, 'Lean2012', 'Aleen', 'Brumfield', 'l19F5GpcgPa81Aj1BHcFbxDQppppRcNkjLvU0Xj3d3k=', 0, '2RPQY9LZ', '7P19F7SD19WM', 1),
(36, 'Caryl63', 'Barbar', 'Mcnabb', 'cusReVzomukeEfku30jIIEctPOVPc6Q8kdjevqoORAc=', 0, '801UN91Y', '24US25E422W2', 1),
(37, 'Dick11', 'Porfirio', 'Anglin', 'e/mLEWdbaY0t4NRVsYy/r6eS1S6nCdZtZkiTpq0Yvt0=', 0, '59R55J1U', '7CX319Q76691', 0),
(38, 'Fabian1953', 'Lamont', 'Seibert', '5ELNtE0SLJAYjiHnvdfeiy1ocHLGCyHjLnkpRdxwvTU=', 0, '23OA1A04', 'RSGK017585GP', 1),
(39, 'Cherry2017', 'Georgianne', 'Bruner', 'RMP55oyYWKRooJ7RivXmzBgYFx5PvR7LkHXneJeUCxc=', 0, '5D75TMN5', '2ELE3039XS96', 0),
(40, 'Brinkman1971', 'Carmen', 'Peterman', 'biTqwjHLO6RT3C5m3XKBT3mjCQd4TUzcOZRGUH4uWcE=', 0, 'QBNOZJE3', 'T5V71O4S1YZ8', 1),
(41, 'Moriah969', 'Maple', 'Harrington', 'noBjzaTI0tf+24ohIw3sgTlyWrvu48przBJYuDQpRQY=', 0, '1966QFF8', '4992HU1O40XB', 0),
(42, 'Stovall2007', 'Josefa', 'Mcnair', 'uxSYw1chM5gyPM7Mx3D87vlllBDuKpmJt81tARtLuJE=', 0, 'K5I4G40M', '025651I1FBCE', 0),
(43, 'Florida6', 'Louanne', 'Forrest', 'WJgXparQqk4n8P74g63bBbvqvva6Q7NEBNX/0qsFahQ=', 0, '233192UP', 'FFJ5ALZ284LU', 0),
(44, 'Franklyn439', 'Dwight', 'Peters', 'aZodU7U17HLvb3RS5+F9psVeEniS1OmcnfBupBDJvyM=', 0, 'V2UVW08R', '95592YVA678Y', 1),
(45, 'Doreatha1', 'Burl', 'Knutson', 'MKTJzKFhAo1TTiQy/MJ40S+fmMio75zGxECroDui4Yc=', 0, 'FSEM062S', '5DG00043Z31L', 0),
(46, 'Dan1964', 'Shad', 'Triplett', 'sOppI1V99mli/VB0OYhwB6juWbdes4bf9p1Jxxg+jiU=', 0, 'SHQP5HFL', '3J031QZ06RRZ', 0),
(47, 'Bee2021', 'Tiesha', 'Harris', 'WZBbyNt5xrKGiSP7G0onEDhCeKqtlRA8oBsw1RvP8Us=', 0, '6OYI082M', '9LGWJ38IRBTX', 1),
(48, 'Bryce2004', 'Robin', 'Koch', 'XUjIwsVqOwqxLcOVOKYoeWDceB8DGTleu0b01hqVioo=', 0, '65F0F3JY', 'A5VKZ29C6JZF', 1),
(49, 'Sharice2001', 'Stefan', 'Harrison', '3AMaWhnAvRL/zUVargrO5nvu6EJQQPG/b9/ZwkFFs4Y=', 0, '84DSP5S1', 'F1SM9RC1QHQ6', 1),
(50, 'Halverson5', 'Clarita', 'Angulo', 'DE2TvFArB7ufRf3G6cA7oGeZJHhMJowoB7+tAoyb3/8=', 0, 'D2IFLUIU', 'QJ2S1KM86F94', 0),
(51, 'Fort58', 'Andrea', 'Croft', 'TVM+DA6AZz9NagF/j1w13Lmgs0uulOEs/M4Ee7n62XQ=', 0, 'EQHBSI5Y', '5H5132610882', 0),
(52, 'Errol773', 'Sueann', 'Koehler', 'C0tIu0W6DS6Y4WhNPIszkAXhHdWR3UE7+CzFQtANb4s=', 0, '1K289F96', '80Y0E5R6R41K', 0),
(53, 'Stackhouse1', 'Rita', 'Brunner', '9SZycdObY21dBzOROiSFtK2gmZ5NKbfCvOGCK6jcZyo=', 0, 'J35400E0', '71253331DZWI', 0),
(54, 'Monica2026', 'Malik', 'Seidel', 'wU28Qy5UtfrcXZrqxewe1bnqoNgJsWB8hxbQfXXQbOw=', 0, 'YMKH706Z', 'V58Z8AGF42C2', 1),
(55, 'England8', 'Katrice', 'Mcnally', 'd3wx4OVeh/NWWCtyZ8hhHne2vdWy+aAcerImpviaPcc=', 0, 'YS2OE2C1', '1F7I8R531336', 0),
(56, 'Bullard1957', 'Kacie', 'Petersen', 'ZdYkSMkA2nx0JW4plmd542XpPgttyA/ZghF8xBIabRA=', 0, 'X25KU216', 'ODGM937M5VW4', 0),
(57, 'Jestine473', 'Vaughn', 'Anthony', 'etH44tkaf0yaygkJ6X3lMPpxGiRig60hOvhxZXiZ3eg=', 0, '37MQ1O29', '9KAXXWRY1176', 0),
(58, 'Rosario825', 'Ileen', 'Harry', 'EnKpWy4py6D1jhwmkFJlQAAVRnCSMvChh1FOe4CUjDY=', 0, 'C45B1SQ7', 'T9QT5O3J4K6K', 0),
(59, 'Hassan1961', 'Frankie', 'Koenig', '07teSk9ZrgBcNxf/eSrocN2glz6VwKxS7wbPTgNHAg4=', 0, '36J36135', 'XMA6HDV1W1GS', 0),
(60, 'Ollie2015', 'Shiloh', 'Tripp', 'eMBc9nPkwhuZf/uBtLY0maNDh9OnILO89TXDT2E7S/I=', 0, '4D65IOWL', 'XV69Y6N30CLJ', 0),
(61, 'Cori799', 'Kurtis', 'Hart', '3x6mnOpLWsKgXmPS73K8sjmBtUwfwqWuH0V3w2tDTZA=', 0, 'U972U656', '42559S3JW7R4', 1),
(62, 'Marquerite7', 'Dong', 'Bruno', 'ubtGOHrMZNrYcqgOefl9IFrKv4nkelHGDAKupVyO88E=', 0, '25FL43XM', 'BXM15R1K69L0', 0),
(63, 'Laird7', 'Gaynell', 'Seifert', 'p81xphIzg6789uifREfYCXVHOMMtQIlBXe9o7949Qc0=', 0, 'T2C63FT0', '279L0FOVU5X6', 0),
(64, 'Chrystal9', 'Quentin', 'Forrester', 'kdwRPcupLxK40nE6hJD4q5Cr58Z7/InL0Ao5hPfZNqI=', 0, '13F50TWS', '702HU43GI0LY', 0),
(65, 'Delores5', 'Bunny', 'Cromer', '0sCqKsWC3Jo3HgFoL2vxnhjXeAdSV1w9annxUPfjU0M=', 0, '6Q8ZP5OH', 'N8S5PNQ0293O', 0),
(66, 'Ellis276', 'Raylene', 'Kohl', 'qGLO6DGNaXr9hPCi7Zr1V1WiMCIpq6stlIiri3gqmRw=', 0, '943T886I', 'GGF7379096IG', 0),
(67, 'Malcolm1976', 'Horace', 'Forsyth', 'La//48F3+hzSWxjtWdhdUkVUAE+TdIcbH1V3ujt9jEY=', 0, 'V95L4ZXN', '3ISLMS27W33I', 0),
(68, 'Short1', 'Jackson', 'Trotter', '3f9MU/xlxqad3/w+ER6ct2NWZQrZFAnKzJ4WxXR09ic=', 0, '67H7X4XF', 'LEZPL17I8T6E', 0),
(69, 'Sylvia2001', 'Jacklyn', 'Antoine', 'ei7Ky91nRnJ63QX09bCkhRh0RhqUfAluXVqSl3HrwP4=', 0, 'AX0669YK', 'S9HWL56YH687', 0),
(70, 'Tod1981', 'Marshall', 'Seiler', '96cAgGC+wlz973qoOVhQIJjbYcreLO2ZYW8qEGKwO3o=', 0, 'QM1LL14M', '1O0241WIDA18', 0),
(71, 'Lane1987', 'Ashly', 'Harter', '+WaVx7PGzqValzumxgyVCPKSCzHCWPOxNQCjetAVoaY=', 0, 'I8908F3T', '97JC3T350748', 0),
(72, 'Curran97', 'Teddy', 'Trout', 'B9L4UE+jGvmGDacyhxDejFjbXxdDr3t37k/Jd2CFUvQ=', 0, '9035L9B7', 'U029A44B1M9F', 0),
(73, 'Emanuel2', 'Benedict', 'Cromwell', 'RSVQmRjZgI/AT0JrRFdRUZauEnSvBvc5Loru2V4UNbA=', 0, 'P5Z9Q3I1', 'CH48E79CVM9R', 0),
(74, 'Garfield2024', 'Patrick', 'Forsythe', 'yi9qjnKmdK8BFtnYrQwxmG8TH5VBTmrMaWEyf1D5TVg=', 0, 'L2T276D3', '02PPV00MKV9L', 0),
(75, 'Lavern1965', 'Emanuel', 'Mcnamara', '2kThQiPsgfh4ulsutoTR7iewo+qeOqLww/X90hkGbik=', 0, '8630NN7F', '6238EA126NVY', 0),
(76, 'Quentin998', 'Hilton', 'Seitz', '1Z7kRdl4Aq1YNy6icAKaG40Jufhw44Mwp4Rha6eWk1I=', 0, '13EC09S3', 'IQ639B55M285', 0),
(77, 'Marcia1951', 'Angelic', 'Cronin', 'ZFsuFKeUAZJ3S019PRxJusHAgFcWHJt30NYlXdq6dTo=', 0, '6SO10K7L', '362MO8OXOE19', 1),
(78, 'Florentino1987', 'Darcey', 'Fort', 'ZVnadwV/eGvO/7Nt92iOfSSEh+1UICIms8fvqjm7APs=', 0, 'E4X22918', '2F3AJ9705561', 0),
(79, 'Covert84', 'Britney', 'Bruns', 'eAJvq+kY0ZHLWWnoG8lcqlflrB23nd9scN92FmybFus=', 0, '17G6I93N', 'P5214855HD5B', 0),
(80, 'Gamboa535', 'Kathy', 'Kohler', 'Sny2s59fnPTydNCPK7F0J3TNlEmvxlzOBQUwFooSwO0=', 0, '848L7R11', '566O77FR2V4P', 1),
(81, 'Terry4', 'Janina', 'Antonio', 'Chve0vyfnTDZoTdQPl7fw9X8QmTOo8/DavWHD+GAaf4=', 0, 'V0DMS3MQ', '5XYL4665XP4O', 1),
(82, 'Carey3', 'Grant', 'Brunson', 'lBR8zpvXiX5+cHHa1kaFX+VcPmlGP7MWyh8571sTZRs=', 0, '8G0I6AOV', '28TVL4VFUMF3', 0),
(83, 'Tesha865', 'Byron', 'Troutman', 'bvJJJQdk3ljEmuYgBsIBQVLWcydlw7xYAgrgEojJXMM=', 0, '868B6Q3S', '23D9G5CGMU6X', 0),
(84, 'Dunn2028', 'Dorene', 'Hartley', 'lBzfh7MwTvHnN2YUxIOEp+BvGwmCj/Ywn7zsTOB4UzM=', 0, '03758XQJ', '4OEGWKM73P27', 0),
(85, 'Eldridge2008', 'Mose', 'Selby', '2j3jeOtaaoaZbKf8HA+8L4mGwNYJB1P5Rh1xsBf7M1A=', 0, '6015S39C', '4L7OF267EY3C', 0),
(86, 'Mohamed1966', 'Cory', 'Trudeau', 'AdEyMPZ5dh5DJlnkZG4xt7V2UJLJyn1Es+3TxTvghps=', 0, '8O14W305', '0B080H2ADL85', 0),
(87, 'Darcey2005', 'Ahmad', 'Kohn', 'xLYG6MHp6122twUoUL7gVFKRVRyWSGC4KgWAj4BMZFM=', 0, 'D74YT6T3', '8G46T38NK283', 0),
(88, 'Mcgovern532', 'Giovanni', 'Self', 'UVaqqgh5VuMVDnLCvwfK5y0ARPyC+4P1E5Eo6qgB/kM=', 0, 'OTJ062E8', '7GDMCF25W54C', 0),
(89, 'Sheldon2027', 'Babara', 'Truitt', 'ZiIMBfPx9W0EtE+wqjsWqsVuQNjjsUrf5O/YgTKdqbE=', 0, '5I2R0MTY', 'HWD35SB7OB25', 0),
(90, 'Ervin825', 'Liliana', 'Hartman', 'Eq9yXNUznOHqCOx/XmEhYkXreDb4hUhb+BZrHtja1ZA=', 0, 'Z67K4644', '6H98WH9ONN56', 0),
(91, 'Clint2006', 'Micheline', 'Peterson', 'vF5CDOfgJXjVQn70J5LPOIRsMB8UB2u5YYAgP0Mtiog=', 0, '517SBP65', 'SOW3FZBM0Q89', 0),
(92, 'Dale1958', 'Garret', 'Mcneal', 'aEeJMwcHh3sGM07JhDxb3TTXp3EhXmMcaxDqlQlz7cU=', 0, 'L7TMF9GT', 'D495WT60I28R', 1),
(93, 'Damon792', 'Tawanda', 'Sell', '8086IDQ5eHdyDtVKVwTAAhQNM0x43ZrAzaEpM3jgQ/Q=', 0, 'O16B6E23', 'J2K86QQY1716', 1),
(94, 'Kent22', 'Toney', 'Crook', 'akblXEVb8uevDApGCi/kTxmjUxRJpWBYuOM0xoz+amo=', 0, '9RKQY99K', 'WC0W6CXGS6K1', 0),
(95, 'Donnie1997', 'Casie', 'Trujillo', 'qL7DFdruRpk4qONmbB26Xj4z53wyjhQRbPR2+jGUXpE=', 0, '8UE1KCL4', '40F558E4Z9T1', 0),
(96, 'Ginette2019', 'Laura', 'Forte', 'thJXCyIZe7B+ZZ4TS7pSNHHH3vBvqutqm/iIiIebvQQ=', 0, '9UXMM38C', '07MP7YR92GZK', 0),
(97, 'Beaty2005', 'Cecilia', 'Crooks', '6U1Etmyq6sz4BJsnvdHYUJ5gc+7F51QTNin7jBIdDjA=', 0, 'NJGZO5ON', '8WN71M4SS8NH', 0),
(98, 'Kristopher63', 'Inell', 'Kolb', '4YJPiczIcObguKU5k0gnTmZBtYsgiukaR8KkpOBCMQM=', 0, 'BN1P2BV7', 'NQY379YX8QWX', 1),
(99, 'Gilley2020', 'Renita', 'Fortenberry', '601F4BruznXnx5VehAESl73k1XU3B4zr/C5FKTr8gpA=', 0, 'P2YY8YEJ', '1YXT44QJH3TT', 0),
(100, 'Malik4', 'Jewel', 'Apodaca', 'SG9HJJF4+9aQnFtnX41FB3G/ZpXFqinw6nd6xeQwGLA=', 0, 'QD15C38Z', '57A8Q65LTIFU', 0);

--
-- Inserting data into table classes
--
INSERT INTO classes(class_code, user_id, class_name) VALUES
('k93l', 82, 'UKEZ-342'),
('0a5H', 73, 'ATAA-172'),
('gc37', 91, 'TCCI-386'),
('vY6z', 71, 'YCRY-138'),
('0Wtc', 32, 'RTRC-149'),
('24o4', 49, 'OAMI-208'),
('MQ8L', 68, 'PLBL-283'),
('42WN', 90, 'NCUY-259'),
('7z5Y', 3, 'OQBV-337'),
('Q88i', 22, 'EPPB-149'),
('eP3f', 78, 'UGRK-374'),
('XgKE', 1, 'EQBI-304'),
('sEB8', 44, 'WUJG-242'),
('r4uG', 56, 'TMUW-173'),
('TM7U', 81, 'HEFW-257'),
('sGi1', 97, 'TVUS-236'),
('8iPt', 50, 'ONPX-312'),
('uj4R', 42, 'QHXN-239'),
('NXyf', 98, 'GZXA-176'),
('69B5', 11, 'NADO-372'),
('X9ab', 34, 'TKHG-172'),
('7N1K', 74, 'UFUS-123'),
('Wfk2', 6, 'TOSN-131'),
('6787', 58, 'DCXO-389'),
('ei3o', 66, 'QZYF-325'),
('nd31', 18, 'WUVD-311'),
('8RVz', 11, 'NGND-296'),
('Zfbg', 22, 'KGOL-162'),
('Wv29', 90, 'LOQR-245'),
('1GDq', 38, 'IZWS-135'),
('Zk5X', 33, 'LMBH-239'),
('AgOR', 74, 'ZKXM-355'),
('qLIw', 58, 'OWMX-119'),
('pE5M', 52, 'VRRA-351'),
('3yJz', 49, 'EDWR-260'),
('XDYO', 95, 'RWWI-364'),
('WXM1', 54, 'BOYO-356'),
('vr2U', 62, 'HYEH-273'),
('E1r3', 49, 'RWOD-243'),
('Q6wU', 66, 'CMXQ-170'),
('9L5o', 62, 'FQXJ-336'),
('5nhe', 30, 'WJEH-237'),
('6Ikw', 24, 'WYIB-180'),
('D9K0', 11, 'URYO-211'),
('XADa', 37, 'MIDU-150'),
('6juj', 22, 'DUNV-327'),
('wE96', 45, 'RENC-386'),
('7y08', 56, 'THFG-319'),
('87YE', 96, 'QCML-300'),
('o1I7', 39, 'NYSF-189'),
('W51n', 92, 'PJEH-142'),
('zv7e', 88, 'WXBQ-311'),
('C8xt', 63, 'HGIZ-329'),
('27y9', 74, 'ZNOI-338'),
('CLnb', 72, 'UJBY-181'),
('5s7d', 13, 'AXBX-386'),
('yJ25', 65, 'PQZB-219'),
('48bX', 4, 'SNVE-398'),
('t129', 7, 'CJZY-373'),
('DfzO', 53, 'WCBA-137'),
('0yVj', 87, 'VSVG-253'),
('9380', 86, 'HVFN-364'),
('bmSq', 8, 'QRWN-271'),
('QbVE', 13, 'WSYP-312'),
('sV6Y', 91, 'ZVBX-179'),
('v3ym', 87, 'CIDN-366'),
('t806', 86, 'WIQB-358'),
('27sg', 10, 'KRWV-177'),
('0NHf', 98, 'KSEQ-344'),
('YTMR', 8, 'ZJLY-398'),
('n7U8', 22, 'PXBO-270'),
('yYV2', 95, 'BGQH-139'),
('v9F7', 50, 'MFYG-192'),
('c1Gt', 53, 'JLVO-178'),
('QiBn', 29, 'SWTG-281'),
('okws', 44, 'VRDY-227'),
('huS6', 58, 'WISS-302'),
('JkZL', 8, 'FMDW-244'),
('w7uX', 40, 'DFZH-123'),
('5xS0', 26, 'BLSH-113'),
('62EX', 56, 'DAKV-213'),
('Fg39', 24, 'ZYKQ-120'),
('3VCa', 39, 'UOKH-265'),
('vwg6', 98, 'OXJH-154'),
('V8dt', 71, 'BIST-123'),
('L7is', 51, 'XKEK-326'),
('Ya2D', 32, 'ZVNF-282'),
('gRM2', 46, 'YSBI-399'),
('hk20', 82, 'IARQ-372'),
('S1a3', 58, 'KDQN-216'),
('0VFD', 48, 'ZWDV-215'),
('9kG0', 77, 'GPXL-352'),
('0oHF', 31, 'YIQG-227'),
('ROj8', 96, 'PLHL-181'),
('1M3t', 52, 'UMXQ-361'),
('t29E', 62, 'JYNK-258'),
('Gw6v', 52, 'BSNR-196'),
('F8W9', 53, 'GVTN-110'),
('b5uy', 93, 'IHEO-222'),
('0q2s', 44, 'EFVJ-291');

--
-- Inserting data into table questions
--
INSERT INTO questions(question_id, class_code, question_text, question_image) VALUES
(1, 'c1Gt', 'Resulting from review or analysis of threats and opportunities, we can presume that the unification of the set of related commands and controls the strategic decisions on a modern economy the risks of the existing network. It may reveal how the corporate asset growth seamlessly the critical thinking. The control is quite a insufficient matter any referential arguments. This may be done through the production cycle.  ', NULL),
(2, 'DfzO', 'In short, the design of the internal policy absolutely differentiates the driving factor and every contradiction between the fundamental problem and the comprehensive project management.  ', NULL),
(3, 'X9ab', 'Looking it another way, the core principles has the potential to improve or transform the irrelevance of product.  ', NULL),
(4, 'JkZL', 'From these facts, one may conclude that a equal action of the main source of the interconnection of efficient decision with productivity boosting primarily complete failure of the supposed theory the structural comparison, based on sequence analysis in terms of its dependence on the ultimate advantage of voluntary parameter over alternate practices.  ', NULL),
(5, 'pE5M', 'It is often said that final stages of the final draft provides a glimpse at the preliminary action plan.  ', NULL),
(6, 'r4uG', 'Doubtless, an overview of the big impact will require a vast knowledge. Naturally, the formal review of opportunities in its influence on an assessment of the development methodology may motivate developers to work out the general features and possibilities of the well-known practice.  ', NULL),
(7, 'bmSq', 'On the contrary, a section of the basic feature provides rich insights into the user interface. Such tendency may relentlessly originate from the draft analysis and prior decisions and early design solutions.  ', NULL),
(8, 'hk20', 'One cannot possibly accept the fact that the influence of the relation between the commitment to quality assurance and the user interface the preliminary action plan the high performance of the performance gaps. The real reason of the participant evaluation sample presumably the proper view of the software engineering concepts and practices the tasks priority management. We must be ready for participant evaluation sample and software functionality investigation of the continuing support. Such tendency may remotely originate from the software engineering concepts and practices.  ', NULL),
(9, 'XgKE', 'The a number of the potential role models gives less satisfactory results. At the same time, however, some part of the criterion is of a great interest. It is obvious, that elements of the treatment the productivity boost. It should rather be regarded as an integral part of the internal network the technical requirements on a modern economy.  ', NULL),
(10, '69B5', 'For instance, the influence of the relation between the set of system properties and the relational approach presents a threat for the systolic approach. The impact is quite a voluntary matter.  ', NULL),
(11, '42WN', 'For instance, a lot of effort has been invested into the goals and objectives. Naturally, an basic component of the evolution of the system concepts results in a complete compliance with the minor details of hardware maintenance.  ', NULL),
(12, 'vY6z', 'In addition, core concept of the sources and influences of the content strategy can be regarded as constantly insignificant. The integration prospects gives a complete experience of the entire picture.  ', NULL),
(13, '62EX', 'Quite possibly, the understanding of the great significance of the global management concepts provides a foundation for the irrelevance of source.  ', NULL),
(14, 'huS6', 'One of the most striking features of this problem is that the conventional notion of cost of the key factor provides a glimpse at the preliminary network design. The real reason of the consequential risks primarily an initial attempt in development of the specific decisions the ultimate advantage of small leadership over alternate practices.  ', NULL),
(15, 'w7uX', 'Regardless of the fact that all approaches to the creation of the structure of the performance gaps provides a prominent example of the base configuration. In any case, we can partially change the mechanism of what can be classified as the major area of expertise. The main reason of the relational approach is to facilitate the systolic approach. It should rather be regarded as an integral part of the benefits of data integrity.  ', NULL),
(16, 'qLIw', 'To be quite frank, components of in terms of the critical thinking makes no difference to this major outcomes. This can eventually cause certain issues.  ', NULL),
(17, 'nd31', 'Naturally, the accurate predictions of the interactive services detection can hardly be compared with the continuing support. Therefore, the concept of the critical thinking can be treated as the only solution.  ', NULL),
(18, 'gRM2', 'By some means, concentration of after the completion of the relational approach must be compatible with the outline design stage. The real reason of the coherent software fairly an importance of the key principles the effective time management. Therefore, the concept of the continuing inception doctrine can be treated as the only solution.  ', NULL),
(19, '3VCa', 'It should not be neglected that the structure of the corporate competitiveness impacts typically on every network development. In respect of the development of the application rules requires urgent actions to be taken towards the continuing knowledge doctrine. The real reason of the major area of expertise differently the quality guidelines. This seems to be a financially obvious step towards the basics of planning and scheduling the rigorously developed techniques. We must be ready for flexible production planning and goals and objectives investigation of the technical requirements or the prominent landmarks.  ', NULL),
(20, 'sEB8', 'First and foremost, the pursuance of design aspects has become even more significant for every contradiction between the benefits of data integrity and the independent knowledge.  ', NULL),
(21, 'Zfbg', 'In a loose sense the core principles facilitates access to the irrelevance of usage.  ', NULL),
(22, '0a5H', 'It should not be neglected that a number of brand new approaches has been tested during the the improvement of the global management concepts. Frankly speaking, the evaluation of reliability activities for any of the interactive services detection has become even more significant for the proper customization of the linguistic approach.  ', NULL),
(23, 'XDYO', 'It goes without saying that a number of the mechanism may share attitudes on an initial attempt in development of the basics of planning and scheduling.  ', NULL),
(24, 'Gw6v', 'In addition, components of each of the entity integrity gives rise to this crucial development skills. This can eventually cause certain issues.  ', NULL),
(25, '0oHF', 'From these arguments one must conclude that a surprising flexibility in some features of the diverse sources of information involves some problems with the basics of planning and scheduling. Such tendency may slowly originate from the participant evaluation sample.  ', NULL),
(26, 'okws', 'Looking it another way, violations of the criterion results in a complete compliance with the set of related commands and controls. Therefore, the concept of the independent knowledge can be treated as the only solution.  ', NULL),
(27, '0VFD', 'It is undeniable that a number of brand new approaches has been tested during the the improvement of the prominent landmarks. To straighten it out, general features of the skills seems to be suitable for the irrelevance of service.  ', NULL),
(28, 'MQ8L', 'Quite possibly, general features of the big impact specifically the functional programming. In any case, we can automatically change the mechanism of the effective mechanism. The specific decisions turns it into something fairly real the coherent software in terms of its dependence on every contradiction between the significant improvement and the application rules.  ', NULL),
(29, 'yJ25', 'Let''s not forget that the organization of the criterion results in a complete compliance with the conceptual design.  ', NULL),
(30, '9380', 'Looking it another way, the understanding of the great significance of the vital decisions results in a complete compliance with what is conventionally known as bilateral act.  ', NULL),
(31, 'TM7U', 'So far so good, but the arrangement of the formal action should focus on the questionable thesis.  ', NULL),
(32, 'Q88i', 'On the contrary, the participant evaluation sample leads us to a clear understanding of this software engineering concepts and practices. This can eventually cause certain issues. So, can it be regarded as a common pattern? Hypothetically, study of theoretical practices underlines the limitations of the valuable information. We must be ready for development process  and matters of peculiar interest investigation of the questionable thesis.  ', NULL),
(33, '3VCa', 'To all effects and purposes, there is a direct relation between the set of related commands and controls and each of the prominent landmarks. However, with help of the participant evaluation sample discards the principle of the general features and possibilities of the ground-breaking technology.  ', NULL),
(34, 'V8dt', 'However, we can also agree that the negative impact of the set of related commands and controls has more common features with what is conventionally known as commitment to quality assurance.  ', NULL),
(35, 'ROj8', 'From these facts, one may conclude that a number of the entity integrity can be regarded as holistically insignificant. The storage area highlights the importance of the specific action result. We must be ready for relational approach and significant improvement investigation of complete failure of the supposed theory.  ', NULL),
(36, '5s7d', 'In particular, the raw draft of the strategic decisions provides a foundation for any referential arguments. This may be done through the influence on eventual productivity.  ', NULL),
(37, 'hk20', 'Simplistically, the accurate predictions of the integration prospects discards the principle of the entire picture.  ', NULL),
(38, 'b5uy', 'By the way, a enriched action of the capacity of the application rules slowly illustrates the utter importance of the more crucial development skills of the benefits of data integrity.  ', NULL),
(39, '7y08', 'In this regard, the negative impact of the change of marketing strategy facilitates access to the general features and possibilities of the relational approach.  ', NULL),
(40, '24o4', 'It''s a well-known fact that the exceptional results of the strategic decisions is recognized by what is conventionally known as production cycle.  ', NULL),
(41, 'uj4R', 'Simplistically, the accurate predictions of the standards control results in a complete compliance with the functional programming. Thus a complete understanding is missing.  ', NULL),
(42, 'huS6', 'Another way of looking at this problem is to admit that the assumption, that the basic reason of the functional programming is a base for developing the optimization of the existing network, should focus on the system concepts. It should rather be regarded as an integral part of the operations research.  ', NULL),
(43, 'v9F7', 'So far so good, but a small part of the mechanism becomes a serious problem. Doubtless, each of the matrix of available should keep its influence over an importance of the application rules.  ', NULL),
(44, 'S1a3', 'In a similar manner, the unification of the independent knowledge the irrelevance of indicator the development sequence and becomes a key factor of the primary element or the grand strategy.  ', NULL),
(45, 'sV6Y', 'Keeping in mind that all approaches to the creation of some features of the application interface gives rise to the basics of planning and scheduling on a modern economy.  ', NULL),
(46, 'vr2U', 'In a more general sense, a number of brand new approaches has been tested during the the improvement of the systolic approach. Besides, study of prime practices should help in resolving present challenges. Let''s consider, that the edge of the essential component cannot be developed under such circumstances. Although, final stages of the structure absorption involves some problems with the commitment to quality assurance or the primary element.  ', NULL),
(47, '87YE', 'In this regard, any part of the comprehensive methods manages to obtain the proper trace of the increasing growth of technology and productivity.  ', NULL),
(48, '0VFD', 'To put it simply, the patterns of the criterion may motivate developers to work out the quality guidelines. In any case, we can holistically change the mechanism of the structured technology analysis. This seems to be a traditionally obvious step towards the principles of effective management.  ', NULL),
(49, '8iPt', 'Eventually, the major accomplishments, such as the potential role models, the application rules, the network development or the final draft provides a foundation for the questionable thesis.  ', NULL),
(50, 'yYV2', 'One cannot possibly accept the fact that the major accomplishments, such as the tasks priority management, the predictable behavior, the set of system properties or the constructive criticism is of a great interest. On the other hand, the basic layout for the organization of the corporate competitiveness reinforces the argument for the proper situation of the design aspects.  ', NULL),
(51, 'huS6', 'It goes without saying that an basic component of the patterns of the effective mechanism cannot rely only on the primary element. In any case, we can fairly change the mechanism of the individual elements. In any case, we can globally change the mechanism of the general features and possibilities of the integrated collection of software engineering standards.  ', NULL),
(52, 'CLnb', 'Let''s not forget that the understanding of the great significance of the product design and development contributes to the capabilities of this development methodology. This can eventually cause certain issues.  ', NULL),
(53, 'V8dt', 'One of the most striking features of this problem is that the negative impact of the production cycle the existing network. It should rather be regarded as an integral part of the content testing method the risks of the final phase. We must be ready for efficient decision and operational system investigation of the overall scores. This could typically be a result of a fundamental problem.  ', NULL),
(54, 'ei3o', 'Curiously, details of the optimization scenario impacts approximately on every formal review of opportunities. In respect of the interpretation of the performance gaps focuses our attention on the functional programming. Therefore, the concept of the entity integrity can be treated as the only solution.  ', NULL),
(55, 'huS6', 'Consequently, an basic component of the framework of the application rules commits resources to the technical requirements or the strategic planning.  ', NULL),
(56, 'sV6Y', 'To be honest, the problem of the main source of the basic reason of the permanent growth leads us to a clear understanding of the conceptual design.  ', NULL),
(57, 'W51n', 'Doubtless, in terms of the formal action should help in resolving present challenges. Throughout the investigation of the first-class package, it was noted that the organization of the productivity boost can be regarded as positively insignificant. The referential arguments becomes even more complex when compared with the crucial development skills. Such tendency may deeply originate from the existing network.  ', NULL),
(58, 'X9ab', 'To be more specific, in terms of the internal policy becomes extremely important for the entire picture.  ', NULL),
(59, 'Q6wU', 'Under the assumption that the basic layout for the results of the matrix of available gives a complete experience of the irrelevance of hierarchy.  ', NULL),
(60, 'QbVE', 'What is more, components of the total volume of the market tendencies shows a stable performance in development of the preliminary action plan.  ', NULL),
(61, '0Wtc', 'Focusing on the latest investigations, we can positively say that the example of the functional programming results in a complete compliance with an importance of the competitive development and manufacturing.  ', NULL),
(62, 'b5uy', 'One should, nevertheless, consider that one of the essence slightly differentiates the effective time management and the project architecture. It should rather be regarded as an integral part of the consequential risks.  ', NULL),
(63, 'okws', 'In the meantime a closer study of the application rules gives rise to the operational system or the share of corporate responsibilities.  ', NULL),
(64, '9L5o', 'Eventually, the exceptional results of the critical acclaim of the becomes extremely important for the irrelevance of flexibility.  ', NULL),
(65, 'Fg39', 'There is no evidence that the assumption, that the vital decisions is a base for developing within the framework of the corporate ethics and philosophy, minimizes influence of the major and minor objectives. We must be ready for crucial development skills and corporate competitiveness investigation of the sources and influences of the integrated collection of software engineering standards.  ', NULL),
(66, 'QiBn', 'Keeping in mind that in terms of the essence focuses our attention on the share of corporate responsibilities. The expertise is quite a low matter.  ', NULL),
(67, 'S1a3', 'It should be borne in mind that final stages of the critical acclaim of the highlights the importance of the competitive development and manufacturing. It should rather be regarded as an integral part of the ability bias.  ', NULL),
(68, 'w7uX', 'It is undeniable that the negative impact of the critical acclaim of the offers good prospects for improvement of the coherent software. This could strategically be a result of a corporate competitiveness.  ', NULL),
(69, '7N1K', 'In this regard, a number of brand new approaches has been tested during the the improvement of the project architecture. In addition, either structural comparison, based on sequence analysis or design patterns highlights the importance of any production cycle. This may be done through the influence on eventual productivity.  ', NULL),
(70, '3VCa', 'Besides, the evaluation of reliability activities for any of the tasks priority management has proved to be reliable in the scope of the irrelevance of challenge.  ', NULL),
(71, 'D9K0', 'Regardless of the fact that there is a direct relation between the direct access to key resources and the point of the linguistic approach. However, the condition of the market tendencies seems to be suitable for the corporate competitiveness on a modern economy.  ', NULL),
(72, 'XADa', 'Besides, the core principles will possibly result in any operational system. This may be done through the standards control.  ', NULL),
(73, 'eP3f', 'To be more specific, components of a description of the key factor what can be classified as the product design and development the high performance of the preliminary network design. It may reveal how the overall scores wholly the fundamental problem. In any case, we can carefully change the mechanism of the entire picture the ability bias. We must be ready for development process  and independent knowledge investigation of this source of permanent growth. This can eventually cause certain issues.  ', NULL),
(74, 'b5uy', 'Doubtless, the pursuance of major and minor objectives has a long history of the well-known practice. Therefore, the concept of the interactive services detection can be treated as the only solution.  ', NULL),
(75, '0NHf', 'That being said, the negative impact of the overall scores should keep its influence over the general features and possibilities of the specific decisions. A solution might be in a combination of primary element and internal network any original or initial approach.  ', NULL),
(76, 'c1Gt', 'Whatever the case, a lot of effort has been invested into the sufficient amount. By the way, the basic layout for within the framework of the existing network provides a foundation for the effectively developed techniques. Therefore, the concept of the functional testing can be treated as the only solution.  ', NULL),
(77, '5nhe', 'Focusing on the latest investigations, we can positively say that a lot of effort has been invested into the diverse sources of information. So far so good, but a surprising flexibility in any part of the content testing method provides a solid basis for the entire picture.  ', NULL),
(78, '8iPt', 'Thus, in the context of skills boosts the growth of the specific action result. The advancement is quite a reputable matter.  ', NULL),
(79, '87YE', 'But other than that, any further consideration remains the crucial component of the proper generation of the ground-breaking technology.  ', NULL),
(80, '6Ikw', 'As a matter of fact either prominent landmarks or structure absorption virtually differentiates the technical requirements and the share of corporate responsibilities. Therefore, the concept of the competitive development and manufacturing can be treated as the only solution.  ', NULL),
(81, '6Ikw', 'Focusing on the latest investigations, we can positively say that the utilization of the basic feature has proved to be reliable in the scope of the flexible production planning. Thus a complete understanding is missing.  ', NULL),
(82, 'nd31', 'Besides, the design of the skills financially the preliminary action plan the effective time management in terms of its dependence on any elemental or original approach.  ', NULL),
(83, 'QiBn', 'There is no evidence that the total volume of the skills underlines the limitations of the continuing argument doctrine. This seems to be a relentlessly obvious step towards the set of system properties.  ', NULL),
(84, '8iPt', 'What is more, study of familiar practices the ultimate advantage of draft influence over alternate practices the vital decisions and ensures integrity of the significant improvement. The duplication is quite a exact matter.  ', NULL),
(85, 'WXM1', 'Remembering that the pursuance of effective time management becomes a serious problem. It is stated that either permanent growth or effective time management this major and minor objectives. This can eventually cause certain issues the high performance of the positive influence of any major area of expertise.  ', NULL),
(86, 'ROj8', 'To be more specific, there is a direct relation between the predictable behavior and organization of the consequential risks. However, after the completion of the grand strategy benefits from permanent interrelation with complete failure of the supposed theory.  ', NULL),
(87, '6787', 'To put it simply, the lack of knowledge of the matter of the production cycle commits resources to the task analysis. The expertise is quite a common matter.  ', NULL),
(88, '9L5o', 'Naturally, support of the mechanism the positive influence of any base configuration the sustainability of the project and the minor details of emergency planning.  ', NULL),
(89, 'yJ25', 'It is very clear from these observations that the evaluation of reliability activities for any of the referential arguments should correlate with the coherent software. Such tendency may basically originate from the flexible production planning.  ', NULL),
(90, 'Wfk2', 'On the contrary, the possibility of achieving violations of the continuing programming doctrine, as far as the best practice patterns is questionable, becomes a key factor of the sufficient amount. In any case, we can habitually change the mechanism of complete failure of the supposed theory.  ', NULL),
(91, 'qLIw', 'On the contrary, the patterns of the essence provides a solid basis for the conceptual design. So, can it be regarded as a common pattern? Hypothetically, some of the internal policy poses problems and challenges for both the systolic approach and the irrelevance of strategy.  ', NULL),
(92, '0NHf', 'It should be borne in mind that the pursuance of optimization scenario discards the principle of the ground-breaking technology.  ', NULL),
(93, 'vr2U', 'Up to a certain time, the explicit examination of major area of expertise needs to be processed together with the the continuing support. It may reveal how the prominent landmarks holistically the general features and possibilities of the slowly developed techniques the technical terms. We must be ready for principles of effective management and resource management investigation of any accessible or astonishing approach.  ', NULL),
(94, 'S1a3', 'Perhaps we should also point out the fact that violations of the formal action holistically differentiates the standards control and the minor details of operational system.  ', NULL),
(95, '8iPt', 'That being said, the program functionality gives an overview of the questionable thesis.  ', NULL),
(96, '62EX', 'As a matter of fact final stages of the matrix of available has proved to be reliable in the scope of the questionable thesis.  ', NULL),
(97, 'yYV2', 'First and foremost, the conventional notion of the advantage of the content testing method remains the crucial component of the potential role models. The knowledge is quite a abstract matter.  ', NULL),
(98, '6787', 'In any case, aspects of the coherent software impacts immediately on every content testing method. In respect of the structure of the direct access to key resources has proved to be reliable in the scope of the market tendencies.  ', NULL),
(99, '0VFD', 'By some means, the major accomplishments, such as the goals and objectives, the coherent software, the continuing coverage doctrine or the ability bias has a long history of the product functionality. In any case, we can habitually change the mechanism of the internal network. This seems to be a briefly obvious step towards the structure absorption.  ', NULL),
(100, 'pE5M', 'That is to say a huge improvement of the comprehensive methods reinforces the argument for an importance of the major outcomes.  ', NULL);

--
-- Inserting data into table answers
--
INSERT INTO answers(answer_id, question_id, answer_text, answer_image, isCorrect) VALUES
(1, 79, 'By the way, a lot of effort has been invested into the system concepts. For instance, the explicit examination of ground-breaking technology makes no difference to the preliminary action plan.  ', NULL, 0),
(2, 74, 'To sort everything out, it is worth mentioning that the arrangement of the arguments and claims needs to be processed together with the the interconnection of application interface with productivity boosting. We must be ready for linguistic approach and formal review of opportunities investigation of the effective mechanism. In any case, we can habitually change the mechanism of the corporate asset growth. Therefore, the concept of the systems approach can be treated as the only solution.  ', NULL, 0),
(3, 26, 'On the one hand it can be said that the core principles contributes to the capabilities of the commitment to quality assurance. Thus a complete understanding is missing.  ', NULL, 0),
(4, 52, 'Besides, the patterns of the comprehensive methods provides a glimpse at the valuable information. This could consistently be a result of a diverse sources of information.  ', NULL, 0),
(5, 13, 'Conversely, the basic layout for a section of the coherent software offers good prospects for improvement of the major and minor objectives. We must be ready for goals and objectives and ground-breaking technology investigation of the irrelevance of usage.  ', NULL, 0),
(6, 59, 'Resulting from review or analysis of threats and opportunities, we can presume that a surprising flexibility in one of the effective mechanism may motivate developers to work out the structural comparison, based on sequence analysis. Such tendency may substantially originate from the structured technology analysis.  ', NULL, 0),
(7, 81, 'In the meantime the arrangement of the treatment typically the outline design stage. Such tendency may holistically originate from the resource management the user interface in terms of its dependence on the hardware maintenance on a modern economy.  ', NULL, 0),
(8, 50, 'Whatever the case, the initial progress in the permanent growth becomes a key factor of the more bilateral act of the valuable information.  ', NULL, 0),
(9, 6, 'That being said, a surprising flexibility in the capability of the major outcomes becomes even more complex when compared with the production cycle. This could literally be a result of a interactive services detection.  ', NULL, 0),
(10, 96, 'From these facts, one may conclude that the growth of the formal action provides a strict control over the referential arguments or the entity integrity.  ', NULL, 0),
(11, 33, 'In short, the possibility of achieving the dominant cause of the well-known practice, as far as the final draft is questionable, has proved to be reliable in the scope of the general features and possibilities of the coherent software.  ', NULL, 0),
(12, 90, 'We must bear in mind that the main source of the the profit needs to be processed together with the the positive influence of any software engineering concepts and practices.  ', NULL, 0),
(13, 19, 'Nevertheless, one should accept that the basic layout for dimensions of the direct access to key resources the first-class package. Therefore, the concept of the application rules can be treated as the only solution general tendency of the base configuration. It should rather be regarded as an integral part of the storage area.  ', NULL, 0),
(14, 44, 'To put it simply, the example of the major and minor objectives contributes to the capabilities of the referential arguments. Such tendency may highly originate from the critical thinking.  ', NULL, 0),
(15, 64, 'To be quite frank, the major accomplishments, such as the structure absorption, the global management concepts, the individual elements or the design patterns offers good prospects for improvement of complete failure of the supposed theory.  ', NULL, 0),
(16, 25, 'To sort everything out, it is worth mentioning that an basic component of some part of the participant evaluation sample requires urgent actions to be taken towards an initial attempt in development of the individual elements.  ', NULL, 0),
(17, 70, 'What is more, the major accomplishments, such as the existing network, the product design and development, the operational system or the driving factor should focus on the conceptual design.  ', NULL, 0),
(18, 36, 'Moreover, the basic layout for the arrangement of the production cycle should focus on every contradiction between the storage area and the performance gaps.  ', NULL, 0),
(19, 66, 'Speaking about comparison of the efficiency of the systems approach and fundamental problem, a small part of the treatment highlights the importance of any structured technology analysis. This may be done through the potential role models.  ', NULL, 0),
(20, 16, 'Nevertheless, one should accept that the core principles represents a bond between the continuing event doctrine and the ultimate advantage of valid breach over alternate practices.  ', NULL, 0),
(21, 4, 'One cannot possibly accept the fact that the major accomplishments, such as the crucial component, the vital decisions, the quality guidelines or the strategic decisions indicates the importance of the positive influence of any competitive development and manufacturing.  ', NULL, 0),
(22, 29, 'To put it mildly, the accurate predictions of the content testing method contributes to the capabilities of this critical acclaim of the. This can eventually cause certain issues.  ', NULL, 0),
(23, 83, 'We must bear in mind that the formal action gives an overview of the effective mechanism or the content strategy.  ', NULL, 0),
(24, 10, 'In all foreseeable circumstances, components of with the exception of the draft analysis and prior decisions and early design solutions is regularly debated in the light of the ultimate advantage of preset estimation over alternate practices.  ', NULL, 0),
(25, 80, 'According to some experts, the center of the skills likely the quality guidelines. We must be ready for ground-breaking technology and valuable information investigation of the irrelevance of consequence complete failure of the supposed theory.  ', NULL, 0),
(26, 88, 'Speaking about comparison of the organization of the technical requirements and structure absorption, all approaches to the creation of a description of the key principles provides a foundation for what can be classified as the principles of effective management.  ', NULL, 0),
(27, 34, 'We must bear in mind that the influence of the relation between the crucial component and the tasks priority management gives an overview of what is conventionally known as market tendencies.  ', NULL, 0),
(28, 9, 'As for the referential arguments, it is clear that the negative impact of the functional programming can partly be used for the structural comparison, based on sequence analysis. We must be ready for independent knowledge and technical requirements investigation of the preliminary action plan.  ', NULL, 0),
(29, 63, 'It is obvious, that components of the point of the relational approach will possibly result in the effective time management on a modern economy.  ', NULL, 0),
(30, 57, 'We must bear in mind that the lack of knowledge of segments of the strategic planning can hardly be compared with the product functionality. We must be ready for diverse sources of information and ground-breaking technology investigation of the preliminary action plan.  ', NULL, 0),
(31, 23, 'Whatever the case, the understanding of the great significance of the operational system has a long history of the entire picture.  ', NULL, 0),
(32, 30, 'Thus, a number of brand new approaches has been tested during the the improvement of the operational system. All in all, the initial progress in the outline design stage offers good prospects for improvement of the standards control. Therefore, the concept of the internal network can be treated as the only solution.  ', NULL, 0),
(33, 25, 'Looking it another way, elements of the internal policy discards the principle of the relational approach on a modern economy.  ', NULL, 0),
(34, 96, 'As a resultant implication, a surprising flexibility in the patterns of the ability bias provides a strict control over the content strategy. The entity integrity turns it into something carefully real.  ', NULL, 0),
(35, 91, 'What is more, in terms of the big impact can turn out to be a result of the preliminary action plan.  ', NULL, 0),
(36, 90, 'Let it not be said that criteria of within the framework of the outline design stage underlines the limitations of the best practice patterns. The real reason of the optimization scenario fully the minor details of ability bias the entire picture.  ', NULL, 0),
(37, 15, 'Even so, the condition of the formal action must stay true to complete failure of the supposed theory.  ', NULL, 0),
(38, 22, 'First and foremost, the internal resources the minor details of system mechanism the high performance of what is conventionally known as commitment to quality assurance.  ', NULL, 0),
(39, 54, 'Let it not be said that all approaches to the creation of the center of the influence on eventual productivity an importance of the specific action result the application interface and any product functionality. This may be done through the content strategy.  ', NULL, 0),
(40, 3, 'In a more general sense, the exceptional results of the design patterns likely this entity integrity. This can eventually cause certain issues the market tendencies. Such tendency may heavily originate from the effective time management.  ', NULL, 0),
(41, 73, 'In particular, impact of the essential component is recognized by every contradiction between the sources and influences of the corporate competitiveness and the interactive services detection.  ', NULL, 0),
(42, 79, 'Under the assumption that the basic layout for core concept of the specific decisions makes no difference to the linguistic approach. It may reveal how the system mechanism formally the internal network. It may reveal how the participant evaluation sample inevitably this grand strategy. This can eventually cause certain issues the general features and possibilities of the overall scores any program functionality. This may be done through the draft analysis and prior decisions and early design solutions.  ', NULL, 0),
(43, 82, 'It is undeniable that the patterns of the deep analysis should keep its influence over the basics of planning and scheduling. Therefore, the concept of the market tendencies can be treated as the only solution.  ', NULL, 0),
(44, 72, 'One should, however, not forget that the influence of the relation between the optimization scenario and the grand strategy underlines the limitations of any sole or integral approach.  ', NULL, 0),
(45, 9, 'As concerns some part of the fundamental problem, it can be quite risky. But then again, an overview of the big impact cannot rely only on the fundamental problem. Therefore, the concept of the systems approach can be treated as the only solution.  ', NULL, 0),
(46, 34, 'It should not be neglected that the major accomplishments, such as the product design and development, the system mechanism, the software functionality or the hardware maintenance should correlate with an initial attempt in development of the interconnection of direct access to key resources with productivity boosting.  ', NULL, 0),
(47, 82, 'On the one hand it can be said that the sources and influences of the application rules and growth opportunities of it are quite high. It is stated that the problem of the matter of the design patterns becomes extremely important for the matters of peculiar interest. We must be ready for efficient decision and critical thinking investigation of the corporate competitiveness. In any case, we can formally change the mechanism of every contradiction between the matrix of available and the final phase.  ', NULL, 0),
(48, 56, 'In spite of the fact that the problem of the interpretation of the principles of effective management must stay true to what can be classified as the set of system properties, it is worth considering that the results of the formal action shows a stable performance in development of the relational approach. It may reveal how the best practice patterns basically the minor details of system mechanism the operational system. The emergency is quite a plain matter.  ', NULL, 0),
(49, 22, 'By some means, concentration of organization of the constructive criticism primarily differentiates the final draft and the technical terms. This could strongly be a result of a global management concepts.  ', NULL, 0),
(50, 79, 'Resulting from review or analysis of threats and opportunities, we can presume that the understanding of the great significance of the coherent software reveals the patterns of the conceptual design.  ', NULL, 0),
(51, 63, 'Frankly speaking, the evaluation of reliability activities for any of the interactive services detection leads us to a clear understanding of the share of corporate responsibilities. The real reason of the strategic decisions closely the ultimate advantage of immediate benefit over alternate practices the positive influence of any storage area.  ', NULL, 0),
(52, 82, 'However, we can also agree that the optimization of the comprehensive methods has more common features with the ultimate advantage of interlingual action over alternate practices.  ', NULL, 0),
(53, 21, 'So far, a surprising flexibility in the progress of the corporate ethics and philosophy will require a vast knowledge. There is no evidence that the evolution of the formal action makes no difference to the software functionality. Such tendency may individually originate from the application interface.  ', NULL, 0),
(54, 43, 'It is very clear from these observations that the framework of the mechanism systematically differentiates the functional testing and the proper stem of the share of corporate responsibilities.  ', NULL, 0),
(55, 35, 'By all means, the core principles the linguistic approach. We must be ready for systems approach and competitive development and manufacturing investigation of the ultimate advantage of coordinate realization over alternate practices the systems approach and provides rich insights into the user interface. This seems to be a seamlessly obvious step towards the first-class package.  ', NULL, 0),
(56, 80, 'The other side of the coin is, however, that study of noticeable practices the program functionality. We must be ready for major decisions, that lie behind the application interface and corporate competitiveness investigation of the best practice patterns. We must be ready for overall scores and crucial component investigation of the entire picture the risks of the major and minor objectives. We must be ready for crucial component and systolic approach investigation of what can be classified as the comprehensive project management.  ', NULL, 0),
(57, 55, 'In respect that the understanding of the great significance of the internal network discards the principle of the ability bias.  ', NULL, 0),
(58, 51, 'By the way, the utilization of the critical thinking can be regarded as traditionally insignificant. The continuing expertise doctrine the proper ratio of the content strategy the risks of the irrelevance of emergency.  ', NULL, 0),
(59, 67, 'To be honest, the basics of planning and scheduling and growth opportunities of it are quite high. Remembering that the basic layout for an overview of the application rules has a long history of the linguistic approach. The real reason of the system mechanism uniquely the network development. We must be ready for increasing growth of technology and productivity and network development investigation of the data management and data architecture framework. In any case, we can slightly change the mechanism of the general features and possibilities of the set of system properties the permanent growth. This could globally be a result of a existing network.  ', NULL, 0),
(60, 18, 'On the assumption of violations of the insufficient increase, final stages of the comprehensive set of policy statements gives a complete experience of the minor details of application rules.  ', NULL, 0),
(61, 21, 'On the one hand it can be said that criteria of the growth of the system mechanism complete failure of the supposed theory the high performance of the conceptual design.  ', NULL, 0),
(62, 16, 'The most common argument against this is that the unification of the effective mechanism gives us a clear notion of the strategic planning. Such tendency may specifically originate from the increasing growth of technology and productivity.  ', NULL, 0),
(63, 49, 'There is no doubt, that Stacey Eller is the firs person who formulated that a inherent action of the framework of the crucial component should correlate with any competitive development and manufacturing. This may be done through the continuing support.  ', NULL, 0),
(64, 69, 'To put it simply, a closer study of the crucial component should help in resolving present challenges. One way or another, the feedback system and growth opportunities of it are quite high. One cannot deny that a description of the the profit represents basic principles of the ability bias. The real reason of the bilateral act definitely the ultimate advantage of relational organization over alternate practices the potential role models. It may reveal how the crucial development skills generally the content testing method. Such tendency may constantly originate from the functional testing the irrelevance of basis.  ', NULL, 0),
(65, 21, 'On the assumption of discussions of the practical modification, a well-known action of in terms of the functional testing contributes to the capabilities of the draft analysis and prior decisions and early design solutions.  ', NULL, 0),
(66, 28, 'In addition, the change of marketing strategy and growth opportunities of it are quite high. Doubtless, components of dimensions of the integration prospects must stay true to any content testing method. This may be done through the efficient decision.  ', NULL, 0),
(67, 35, 'Speaking about comparison of the evolution of the constructive criticism and integration prospects, with help of the quality guidelines can be regarded as traditionally insignificant. The key principles represents basic principles of the ultimate advantage of transparent duplication over alternate practices.  ', NULL, 0),
(68, 89, 'Surprisingly, a number of brand new approaches has been tested during the the improvement of the consequential risks. On the other hand, any further consideration steadily the major area of expertise. The area is quite a innovative matter the system concepts in terms of its dependence on this vital decisions. This can eventually cause certain issues.  ', NULL, 0),
(69, 37, 'In particular, the lack of knowledge of organization of the technical terms reveals the patterns of an initial attempt in development of the standards control.  ', NULL, 0),
(70, 73, 'According to some experts, any further consideration provides a foundation for the formal review of opportunities. Everyone understands what it takes to complete failure of the supposed theory the major outcomes. We must be ready for potential role models and system mechanism investigation of the specific decisions. Everyone understands what it takes to the more outline design stage of the continuing support the network development. We must be ready for program functionality and preliminary network design investigation of an importance of the well-known practice.  ', NULL, 0),
(71, 73, 'Curiously, the raw draft of the entity integrity provides a prominent example of the entire picture.  ', NULL, 0),
(72, 57, 'The in terms of the continuing support gives less satisfactory results. At the same time, however, some part of the internal policy has more common features with what is conventionally known as first-class package.  ', NULL, 0),
(73, 94, 'On the other hand, the understanding of the great significance of the crucial development skills offers good prospects for improvement of what is conventionally known as matters of peculiar interest.  ', NULL, 0),
(74, 92, 'In all foreseeable circumstances, a significant portion of the flexible production planning is financially considerable. However, elements of the first-class package benefits from permanent interrelation with the entire picture.  ', NULL, 0),
(75, 70, 'In this regard, elements of the mechanism can turn out to be a result of complete failure of the supposed theory.  ', NULL, 0),
(76, 51, 'In any case, an overview of the the profit reinforces the argument for the basics of planning and scheduling. We must be ready for functional testing and matrix of available investigation of this design patterns. This can eventually cause certain issues.  ', NULL, 0),
(77, 91, 'Throughout the investigation of the design of the corporate asset growth, it was noted that the interconnection of fundamental problem with productivity boosting in its influence on violations of the system mechanism remains the crucial component of the minor details of source of permanent growth.  ', NULL, 0),
(78, 67, 'Doubtless, the unification of the operating speed model stimulates development of the design patterns. Everyone understands what it takes to complete failure of the supposed theory the positive influence of any sufficient amount.  ', NULL, 0),
(79, 80, 'Consequently, the influence of the relation between the direct access to key resources and the specific decisions the integration prospects or the structure absorption the sustainability of the project and this individual elements. This can eventually cause certain issues.  ', NULL, 0),
(80, 24, 'To straighten it out, an basic component of discussions of the integrated collection of software engineering standards reinforces the argument for any product design and development. This may be done through the data management and data architecture framework.  ', NULL, 0),
(81, 12, 'Consequently, the pursuance of constructive criticism provides a solid basis for the conceptual design.  ', NULL, 0),
(82, 14, 'The the arrangement of the design aspects gives less satisfactory results. At the same time, however, final stages of the influence on eventual productivity seems to be suitable for the network development. The behavior is quite a even matter.  ', NULL, 0),
(83, 83, 'On the one hand it can be said that a closer study of the quality guidelines reveals the patterns of the preliminary action plan.  ', NULL, 0),
(84, 99, 'Throughout the investigation of the dominant cause of the hardware maintenance, it was noted that the core principles highlights the importance of the corporate competitiveness.  ', NULL, 0),
(85, 4, 'Curiously, either grand strategy or subsequent actions complete failure of the supposed theory the holistically developed techniques and the valuable information.  ', NULL, 0),
(86, 28, 'It should not be neglected that the preliminary network design and growth opportunities of it are quite high. What is more, the well-known practice and growth opportunities of it are quite high. On the one hand it can be said that the results of the interactive services detection can be regarded as rigorously insignificant. The final phase provides a prominent example of this share of corporate responsibilities. This can eventually cause certain issues.  ', NULL, 0),
(87, 68, 'Up to a certain time, all approaches to the creation of a huge improvement of the matrix of available gives rise to the commitment to quality assurance. It may reveal how the diverse sources of information rationally the corporate asset growth. We must be ready for production cycle and functional programming investigation of the driving factor. In any case, we can equally change the mechanism of the functional programming. The real reason of the system concepts potentially the design aspects. Thus a complete understanding is missing the development process . Such tendency may slowly originate from the share of corporate responsibilities this user interface. This can eventually cause certain issues.  ', NULL, 0),
(88, 4, 'Fortunately, the basic layout for the evolution of the formal review of opportunities likely the functional programming. The style is quite a reasonable matter any corporate asset growth. This may be done through the systolic approach.  ', NULL, 0),
(89, 44, 'For a number of reasons, the initial progress in the overall scores may share attitudes on the development process . We must be ready for interactive services detection and content strategy investigation of the entire picture.  ', NULL, 0),
(90, 33, 'By some means, the interpretation of the comprehensive methods establishes sound conditions for what is conventionally known as interconnection of strategic decisions with productivity boosting.  ', NULL, 0),
(91, 74, 'So far so good, but the development process  and growth opportunities of it are quite high. To put it mildly, the exceptional results of the critical thinking has proved to be reliable in the scope of the conceptual design.  ', NULL, 0),
(92, 84, 'Furthermore, one should not forget that a number of brand new approaches has been tested during the the improvement of the direct access to key resources. In particular, a surprising flexibility in the analysis of the project architecture should help in resolving present challenges. Regardless of the fact that a huge improvement of the treatment will possibly result in this development process . This can eventually cause certain issues.  ', NULL, 0),
(93, 99, 'From these arguments one must conclude that the conventional notion of some part of the vital decisions has a long history of the preliminary action plan.  ', NULL, 0),
(94, 42, 'Though, the objectives of the optimization of the production cycle can be neglected in most cases, it should be realized that all approaches to the creation of the remainder of the structured technology analysis approximately what can be classified as the final phase the functional testing and the preliminary action plan.  ', NULL, 0),
(95, 94, 'One of the most striking features of this problem is that a lot of effort has been invested into the development process . Let''s consider, that the structure of the internal policy provides a strict control over the ultimate advantage of sustainable technology over alternate practices.  ', NULL, 0),
(96, 16, 'Focusing on the latest investigations, we can positively say that the source of permanent growth and growth opportunities of it are quite high. As for the dominant cause of the critical acclaim of the, it is clear that a lot of effort has been invested into the data management and data architecture framework. On the one hand it can be said that the major accomplishments, such as the product functionality, the ability bias, the independent knowledge or the final phase seems to approximately change the paradigm of the critical acclaim of the. We must be ready for matrix of available and outline design stage investigation of the proper scale of the global management concepts.  ', NULL, 0),
(97, 55, 'Throughout the investigation of the center of the resource management, it was noted that a lot of effort has been invested into the interconnection of functional testing with productivity boosting. To put it simply, criteria of after the completion of the development methodology would facilitate the development of the independent knowledge. Such tendency may differently originate from the resource management.  ', NULL, 0),
(98, 43, 'Consequently, the arrangement of the deep analysis may share attitudes on the ultimate advantage of intrinsic production over alternate practices.  ', NULL, 0),
(99, 55, 'Nevertheless, one should accept that an overview of the deep analysis discards the principle of the share of corporate responsibilities. Everyone understands what it takes to an initial attempt in development of the major and minor objectives the significant improvement. In any case, we can potentially change the mechanism of the participant evaluation sample. It should rather be regarded as an integral part of the development process .  ', NULL, 0),
(100, 54, 'As concerns cost of the commitment to quality assurance, it can be quite risky. But then again, an assessment of the internal policy establishes sound conditions for the minor details of matters of peculiar interest.  ', NULL, 0);

--
-- Inserting data into table responses
--
INSERT INTO responses(response_id, question_id, answer_id) VALUES
(1, 57, 72),
(2, 78, 1),
(3, 27, 77),
(4, 45, 72),
(5, 51, 89),
(6, 78, 80),
(7, 21, 96),
(8, 23, 38),
(9, 42, 67),
(10, 61, 96),
(11, 54, 48),
(12, 37, 16),
(13, 8, 53),
(14, 21, 10),
(15, 42, 43),
(16, 53, 97),
(17, 5, 73),
(18, 24, 58),
(19, 83, 32),
(20, 83, 45),
(21, 4, 51),
(22, 82, 86),
(23, 22, 8),
(24, 23, 62),
(25, 97, 24),
(26, 63, 77),
(27, 41, 34),
(28, 40, 65),
(29, 87, 62),
(30, 47, 71),
(31, 63, 2),
(32, 46, 94),
(33, 69, 67),
(34, 78, 59),
(35, 69, 7),
(36, 69, 34),
(37, 4, 44),
(38, 20, 40),
(39, 93, 56),
(40, 1, 84),
(41, 20, 25),
(42, 67, 14),
(43, 12, 9),
(44, 65, 100),
(45, 54, 3),
(46, 97, 85),
(47, 8, 47),
(48, 98, 97),
(49, 52, 58),
(50, 17, 25),
(51, 43, 12),
(52, 44, 99),
(53, 21, 63),
(54, 98, 1),
(55, 35, 76),
(56, 54, 87),
(57, 23, 49),
(58, 87, 48),
(59, 57, 2),
(60, 89, 68),
(61, 17, 4),
(62, 25, 14),
(63, 4, 84),
(64, 70, 6),
(65, 14, 16),
(66, 58, 94),
(67, 60, 47),
(68, 65, 70),
(69, 84, 100),
(70, 88, 83),
(71, 59, 44),
(72, 62, 24),
(73, 45, 26),
(74, 11, 85),
(75, 28, 3),
(76, 30, 92),
(77, 93, 52),
(78, 82, 75),
(79, 93, 25),
(80, 29, 82),
(81, 18, 34),
(82, 75, 58),
(83, 99, 15),
(84, 86, 17),
(85, 18, 40),
(86, 51, 41),
(87, 5, 97),
(88, 95, 9),
(89, 30, 100),
(90, 61, 78),
(91, 44, 45),
(92, 66, 6),
(93, 73, 8),
(94, 1, 47),
(95, 9, 51),
(96, 81, 48),
(97, 74, 34),
(98, 32, 47),
(99, 27, 93),
(100, 42, 4);